{"playerInGame":[{"nome":"Fede","mano":{"handCard":15,"mano":[]},"mazzo":{"mazzo":[{"numero":100,"nome":"Deadpool","percorso_immagine":"Deadpool.jpeg"},{"numero":45,"nome":"Flash","percorso_immagine":"Flash.jpeg"},{"numero":50,"nome":"Uomo Ragno","percorso_immagine":"Ragno.jpeg"},{"numero":30,"nome":"Goblin","percorso_immagine":"Goblin.jpeg"},{"numero":30,"nome":"Thanos","percorso_immagine":"Thanos.jpeg"},{"potere":"/2","nome":"Malus","percorso_immagine":"Kryptonite.jpeg"},{"numero":85,"nome":"Superman","percorso_immagine":"Superman.jpeg"},{"numero":80,"nome":"Galactus","percorso_immagine":"Galactus.jpeg"},{"numero":25,"nome":"Joker","percorso_immagine":"Joker.jpeg"},{"numero":55,"nome":"Hulk","percorso_immagine":"Hulk.jpeg"},{"numero":30,"nome":"Lizard","percorso_immagine":"Lizard.jpeg"},{"potere":"0","nome":"Bonus","percorso_immagine":"Mjolnir.jpeg"},{"numero":50,"nome":"Wolverine","percorso_immagine":"Wolverine.jpeg"},{"numero":80,"nome":"Batman","percorso_immagine":"Batman.jpeg"},{"numero":40,"nome":"Lanterna verde","percorso_immagine":"Lanterna.jpeg"}]},"points":0,"turnScore":1},{"nome":"Lollo","mano":{"handCard":15,"mano":[]},"mazzo":{"mazzo":[{"numero":35,"nome":"Aloy","percorso_immagine":"Aloy.jpeg"},{"numero":40,"nome":"Spiderman","percorso_immagine":"Spiderman.jpeg"},{"numero":100,"nome":"Kratos","percorso_immagine":"Kretos.jpeg"},{"potere":"/2","nome":"Malus","percorso_immagine":"Piaga.jpeg"},{"numero":90,"nome":"Godfrey","percorso_immagine":"Godfrey.jpeg"},{"potere":"0","nome":"Bonus","percorso_immagine":"Grazia.jpeg"},{"numero":75,"nome":"Maliketh","percorso_immagine":"Maliketh.jpeg"},{"numero":80,"nome":"Venom","percorso_immagine":"Venom.jpeg"},{"numero":45,"nome":"Arthur Morgan","percorso_immagine":"Arthur.jpeg"},{"numero":40,"nome":"Miles","percorso_immagine":"Miles.jpeg"},{"numero":20,"nome":"Michael","percorso_immagine":"Micheal.jpeg"},{"numero":20,"nome":"Franklin","percorso_immagine":"Franklin.jpeg"},{"numero":40,"nome":"Jin Sakai","percorso_immagine":"Jin.jpeg"},{"numero":90,"nome":"Malenia","percorso_immagine":"Malenia.jpeg"},{"numero":25,"nome":"Trevor","percorso_immagine":"Trevor.jpeg"}]},"points":0,"turnScore":2}],"cardOnTable":[],"playerOrder":[{"nome":"Fede","mano":{"handCard":15,"mano":[]},"mazzo":{"mazzo":[{"numero":100,"nome":"Deadpool","percorso_immagine":"Deadpool.jpeg"},{"numero":45,"nome":"Flash","percorso_immagine":"Flash.jpeg"},{"numero":50,"nome":"Uomo Ragno","percorso_immagine":"Ragno.jpeg"},{"numero":30,"nome":"Goblin","percorso_immagine":"Goblin.jpeg"},{"numero":30,"nome":"Thanos","percorso_immagine":"Thanos.jpeg"},{"potere":"/2","nome":"Malus","percorso_immagine":"Kryptonite.jpeg"},{"numero":85,"nome":"Superman","percorso_immagine":"Superman.jpeg"},{"numero":80,"nome":"Galactus","percorso_immagine":"Galactus.jpeg"},{"numero":25,"nome":"Joker","percorso_immagine":"Joker.jpeg"},{"numero":55,"nome":"Hulk","percorso_immagine":"Hulk.jpeg"},{"numero":30,"nome":"Lizard","percorso_immagine":"Lizard.jpeg"},{"potere":"0","nome":"Bonus","percorso_immagine":"Mjolnir.jpeg"},{"numero":50,"nome":"Wolverine","percorso_immagine":"Wolverine.jpeg"},{"numero":80,"nome":"Batman","percorso_immagine":"Batman.jpeg"},{"numero":40,"nome":"Lanterna verde","percorso_immagine":"Lanterna.jpeg"}]},"points":0,"turnScore":1},{"nome":"Lollo","mano":{"handCard":15,"mano":[]},"mazzo":{"mazzo":[{"numero":35,"nome":"Aloy","percorso_immagine":"Aloy.jpeg"},{"numero":40,"nome":"Spiderman","percorso_immagine":"Spiderman.jpeg"},{"numero":100,"nome":"Kratos","percorso_immagine":"Kretos.jpeg"},{"potere":"/2","nome":"Malus","percorso_immagine":"Piaga.jpeg"},{"numero":90,"nome":"Godfrey","percorso_immagine":"Godfrey.jpeg"},{"potere":"0","nome":"Bonus","percorso_immagine":"Grazia.jpeg"},{"numero":75,"nome":"Maliketh","percorso_immagine":"Maliketh.jpeg"},{"numero":80,"nome":"Venom","percorso_immagine":"Venom.jpeg"},{"numero":45,"nome":"Arthur Morgan","percorso_immagine":"Arthur.jpeg"},{"numero":40,"nome":"Miles","percorso_immagine":"Miles.jpeg"},{"numero":20,"nome":"Michael","percorso_immagine":"Micheal.jpeg"},{"numero":20,"nome":"Franklin","percorso_immagine":"Franklin.jpeg"},{"numero":40,"nome":"Jin Sakai","percorso_immagine":"Jin.jpeg"},{"numero":90,"nome":"Malenia","percorso_immagine":"Malenia.jpeg"},{"numero":25,"nome":"Trevor","percorso_immagine":"Trevor.jpeg"}]},"points":0,"turnScore":2}],"effectList":[-35,-30,-25,-20,-15,-10,-5,0,5,10,15,20,25,30,35],"effect":30}